176.103.130.130,176-103-130-130.dns.adguard.com.,199274,"Serveroid, LLC",RU,,,,TRUE,1,2020-09-15T12:51:14Z,2020-08-15T23:11:39Z
176.103.130.131,176-103-130-131.dns.adguard.com.,199274,"Serveroid, LLC",RU,,,,TRUE,1,2021-05-11T11:30:30Z,2020-09-03T03:13:35Z
77.88.8.1,secondary.dns.yandex.ru.,13238,YANDEX LLC,RU,,PowerDNS Recursor 4.0.8 (built Dec 11 2017 10:39:35 by root@4351f9921268),,FALSE,1,2021-05-14T01:27:41Z,2020-09-05T14:06:41Z
77.88.8.2,secondary.safe.dns.yandex.ru.,13238,YANDEX LLC,RU,,PowerDNS Recursor 4.0.8 (built Dec 11 2017 10:39:35 by root@4351f9921268),,FALSE,1,2021-05-11T08:30:51Z,2020-09-05T14:06:42Z
77.88.8.3,secondary.family.dns.yandex.ru.,13238,YANDEX LLC,RU,,PowerDNS Recursor 4.0.8 (built Dec 11 2017 10:39:35 by root@4351f9921268),,FALSE,1,2021-11-09T17:10:04Z,2020-09-05T14:06:45Z
77.88.8.7,family.dns.yandex.ru.,13238,YANDEX LLC,RU,,PowerDNS Recursor 4.0.8 (built Dec 11 2017 10:39:35 by root@4351f9921268),,FALSE,1,2020-09-15T20:02:23Z,2020-09-05T14:06:46Z
77.88.8.88,safe.dns.yandex.ru.,13238,YANDEX LLC,RU,Moscow,PowerDNS Recursor 4.0.8 (built Dec 11 2017 10:39:35 by root@4351f9921268),,FALSE,1,2021-11-29T07:42:48Z,2020-09-05T14:06:47Z
176.103.130.136,176-103-130-136.dns.adguard.com.,199274,"Serveroid, LLC",RU,,,,TRUE,1,2021-11-29T07:43:00Z,2020-09-05T14:07:00Z
176.103.130.137,176-103-130-137.dns.adguard.com.,199274,"Serveroid, LLC",RU,,,,TRUE,1,2021-11-29T07:42:48Z,2020-09-05T14:07:00Z
217.195.211.116,,34038,PVimpelCom,RU,Tyumen,tyumen,,FALSE,1,2021-05-06T19:31:28Z,2020-11-22T11:41:33Z
77.88.8.8,dns.yandex.ru.,13238,YANDEX LLC,RU,,PowerDNS Recursor 4.0.8 (built Dec 11 2017 10:39:35 by root@4351f9921268),,FALSE,1,2021-11-09T21:09:30Z,2021-01-30T01:21:41Z
80.243.64.67,ns1.vntc.ru.,21332,PVimpelCom,RU,,9.10.3-P4-Ubuntu,,FALSE,1,2021-11-09T20:13:06Z,2021-02-12T16:29:53Z
94.158.96.2,dns1.butovonet.ru.,48036,OOO Scientific-Production Enterprise Edma,RU,Moscow,9.8.4-rpz2+rl005.12-P1,,FALSE,1,2021-05-03T22:25:01Z,2021-02-12T17:18:50Z
92.223.65.71,dns.comss.one.,199524,G-Core Labs S.A.,RU,St Petersburg,,,TRUE,0.86,2021-05-03T22:25:06Z,2021-04-13T07:01:09Z
194.67.109.176,194-67-109-176.cloudvps.regruhosting.ru.,197695,"Domain names registrar REG.RU, Ltd",RU,,,,TRUE,0.97,2021-05-03T22:24:06Z,2021-04-13T07:01:14Z
195.112.96.34,ns.maxnet.ru.,8636,MAXnet Systems Ltd.,RU,Obninsk,unbound 1.5.8,,TRUE,1,2021-05-03T22:25:06Z,2021-04-26T14:08:30Z
78.29.13.240,pool-78-29-13-240.is74.ru.,8369,Intersvyaz-2 JSC,RU,Chelyabinsk,,,FALSE,1,2021-11-09T20:19:35Z,2021-05-14T06:33:10Z
81.3.169.172,erp.valcom.ru.,20632,PJSC MegaFon,RU,St Petersburg,Microsoft DNS 6.1.7601 (1DB15F75),,FALSE,1,2021-11-09T20:19:38Z,2021-06-09T14:15:52Z
109.172.10.70,,41691,Rostelecom,RU,St Petersburg,Microsoft DNS 6.1.7601 (1DB15EC5),,FALSE,1,2021-11-09T20:19:38Z,2021-06-09T14:17:31Z
188.128.110.66,gateway.tulamash.ru.,12389,Rostelecom,RU,Moscow,,,FALSE,0.5,2021-11-09T19:06:50Z,2021-06-09T14:20:22Z
195.208.5.1,b.res-nsdi.ru.,41740,Joint-stock company Internet Exchange MSK-IX,RU,,,,TRUE,1,2021-09-07T22:50:41Z,2021-09-07T22:50:41Z
89.250.221.106,,29303,Ltd PermInterCom,RU,Chaykovskiy,,,FALSE,0.72,2021-10-08T08:02:55Z,2021-09-23T12:36:52Z
195.91.221.230,h195-91-221-230.ln.rinet.ru.,8331,JSC ER-Telecom Holding,RU,Moscow,,,FALSE,0.7,2021-11-10T06:10:51Z,2021-09-23T13:12:18Z
93.157.172.153,93-157-172-153.avk-wellcom.com.,49403,AVK-Wellcom Ltd.,RU,Kotel'niki,,,FALSE,0.78,2021-09-25T00:02:14Z,2021-09-23T16:29:35Z
5.44.54.106,,21353,JSC ER-Telecom Holding,RU,,,,FALSE,0.58,2021-09-29T14:03:32Z,2021-09-24T01:39:11Z
94.180.111.233,94x180x111x233.static-business.nsk.ertelecom.ru.,43478,JSC ER-Telecom Holding,RU,Novosibirsk,,,FALSE,0.58,2021-09-28T14:02:44Z,2021-09-24T01:40:06Z
178.161.150.190,mail.garantn.ru.,12768,JSC ER-Telecom Holding,RU,Perm,Microsoft DNS 6.0.6003 (1773501D),,FALSE,1,2021-09-24T04:29:02Z,2021-09-24T04:29:02Z
217.150.35.129,ns1.transtelecom.net.,20485,Joint Stock Company TransTeleCom,RU,Rostov-on-Don,9.11.3-1ubuntu1.15-Ubuntu,,TRUE,1,2021-09-24T04:29:05Z,2021-09-24T04:29:05Z
185.51.61.101,,42065,ZAO ElectronTelecom,RU,St Petersburg,,,FALSE,1,2021-09-24T04:29:46Z,2021-09-24T04:29:46Z
37.193.226.251,l37-193-226-251.novotelecom.ru.,31200,Novotelecom Ltd,RU,Berdsk,,,FALSE,1,2021-09-24T04:29:48Z,2021-09-24T04:29:48Z
46.73.33.253,ip-46-73-33-253.bb.netbynet.ru.,12714,Net By Net Holding LLC,RU,Belgorod,,,FALSE,1,2021-09-24T05:57:05Z,2021-09-24T05:57:05Z
80.82.55.71,fa71.55.fix-addr.vsi.ru.,21017,Rostelecom,RU,Voronezh,,,FALSE,0.61,2021-09-26T14:02:32Z,2021-09-24T06:01:35Z
212.46.255.78,,3216,PVimpelCom,RU,,,,FALSE,1,2021-09-24T06:27:04Z,2021-09-24T06:27:04Z
62.176.12.111,,34456,Rial Com JSC,RU,Serpukhov,,,FALSE,1,2021-09-24T06:35:50Z,2021-09-24T06:35:50Z
193.242.151.45,45-151-dynamic.b2b-telecom.ru.,58314,"SvyazResurs-Kuban, LLC",RU,Krasnodar,,,FALSE,0.33,2021-11-09T21:16:24Z,2021-09-24T13:25:04Z
185.5.17.19,,34303,ZAO Sviaz Telecom,RU,Belgorod,,,FALSE,1,2021-11-09T21:16:15Z,2021-09-24T14:17:24Z
77.233.5.68,,42478,Yug-Link Ltd.,RU,Krasnodar,,,FALSE,0.69,2021-10-08T08:00:38Z,2021-09-24T14:38:51Z
195.191.182.103,,50688,MediaNet Ltd.,RU,,,,FALSE,0.95,2021-09-28T07:02:32Z,2021-09-25T01:04:47Z
149.126.98.162,149-126-98-162.in-addr.netone.ru.,196695,NetOne Rus JSC,RU,Moscow,,,FALSE,1,2021-11-29T07:47:25Z,2021-09-25T01:32:03Z
80.245.115.97,ip97-115-245-80.crelcom.ru.,6789,Crelcom LLC,RU,,,,FALSE,0.56,2021-10-04T18:02:32Z,2021-09-25T06:02:08Z
46.229.136.244,,31208,PJSC MegaFon,RU,Livny,,,FALSE,0.74,2021-09-26T14:00:09Z,2021-09-25T06:06:02Z
84.53.247.204,mail2.aitek.ru.,34168,Rostelecom,RU,Vladimir,,,FALSE,0.67,2021-11-09T22:09:42Z,2021-09-25T14:58:27Z
46.28.130.214,214.130.28.46.in-addr.arpa.berdsk.ru.,39586,NPP Saturn Telecom Ltd.,RU,Berdsk,,,FALSE,0.58,2021-09-27T01:02:10Z,2021-09-25T20:35:50Z
91.223.120.25,exch.sibinn.ru.,9078,Sibirskie Innovacionnye Sistemy Ltd,RU,,Microsoft DNS 6.1.7601 (1DB15D39),,FALSE,0.98,2021-09-30T02:02:32Z,2021-09-25T20:36:25Z
81.211.101.154,diserver.dorinda-invest.ru.,3216,PVimpelCom,RU,St Petersburg,Microsoft DNS 6.1.7601 (1DB14556),,FALSE,1,2021-09-25T21:02:30Z,2021-09-25T20:36:36Z
94.141.117.1,,60292,MediaCom LLC,RU,,,,FALSE,1,2021-11-09T22:12:35Z,2021-09-26T01:38:16Z
46.254.217.54,host-46-254-217-54.itkm.ru.,48149,Ivanteevskie telecommunicacii Ltd,RU,,,,FALSE,1,2021-09-26T01:54:53Z,2021-09-26T01:54:53Z
62.76.161.12,,48731,Federal State Educational Institution of Higher Professional Education Voronezh State Agricu,RU,Voronezh,Microsoft DNS 6.1.7601 (1DB15F75),,FALSE,1,2021-09-26T01:55:24Z,2021-09-26T01:55:24Z
62.213.14.166,14.213.62-166.samtel.ru.,12389,Rostelecom,RU,Samara,,,FALSE,0.56,2021-10-08T08:01:30Z,2021-09-26T02:04:40Z
94.140.208.226,94.140.208.226.ptspb.ru.,35000,Prometey LLC,RU,St Petersburg,,,FALSE,1,2021-09-26T02:19:24Z,2021-09-26T02:19:24Z
86.62.120.68,h86-62-120-68.ln.rinet.ru.,8331,JSC ER-Telecom Holding,RU,Moscow,,,FALSE,1,2021-09-26T02:19:44Z,2021-09-26T02:19:44Z
195.209.131.19,,44587,Megacom-it LLC,RU,,,,FALSE,1,2021-09-26T03:27:58Z,2021-09-26T03:27:58Z
85.172.19.214,,25490,Rostelecom,RU,Labinsk,,,FALSE,1,2021-09-26T03:31:55Z,2021-09-26T03:31:55Z
185.175.119.206,,206756,Beltelecom LLC,RU,Belorechensk,,,FALSE,1,2021-09-26T08:40:54Z,2021-09-26T08:40:54Z
109.195.194.79,109.195.194.79.in-addr.arpa.,39028,JSC ER-Telecom Holding,RU,Ulyanovsk,,,FALSE,1,2021-09-26T13:19:58Z,2021-09-26T13:19:58Z
91.144.139.3,91x144x139x3.static-business.oren.ertelecom.ru.,42683,JSC ER-Telecom Holding,RU,Orenburg,,,TRUE,1,2021-09-26T13:23:32Z,2021-09-26T13:23:32Z
185.123.194.28,28.pool-194.avantnet.ru.,203791,OOO Kurier,RU,Kursk,,,FALSE,1,2021-09-26T13:29:49Z,2021-09-26T13:29:49Z
95.143.220.5,,29124,Iskratelecom CJSC,RU,Moscow,,,FALSE,1,2021-11-09T22:12:13Z,2021-09-26T14:16:23Z
31.15.89.51,31-15-89-51.broadband.progtech-yug.ru.,29497,MTS PJSC,RU,Anapa,,,FALSE,1,2021-09-27T12:30:18Z,2021-09-27T12:30:18Z
46.146.209.132,net209-132.perm.ertelecom.ru.,12768,JSC ER-Telecom Holding,RU,Perm,,,FALSE,1,2021-09-27T12:34:27Z,2021-09-27T12:34:27Z
188.226.116.230,188.226.116.230-FTTB.planeta.tc.,12668,LLC KomTehCentr,RU,Yekaterinburg,,,FALSE,1,2021-09-27T14:56:09Z,2021-09-27T14:56:09Z
62.76.62.76,,43832,Joint-stock company Internet Exchange MSK-IX,RU,,,,TRUE,1,2021-09-28T03:11:06Z,2021-09-28T03:11:06Z
79.104.25.218,,3216,PVimpelCom,RU,Verkhnyaya Pyshma,,,FALSE,1,2021-11-09T22:19:27Z,2021-09-28T03:50:04Z
95.174.102.131,,49037,Mikhail Mayorov,RU,Taganrog,,,FALSE,1,2021-11-09T22:19:17Z,2021-09-28T03:53:04Z
91.207.238.107,,48409,NTK Ltd.,RU,Balakovo,,,FALSE,0.67,2021-11-09T22:18:53Z,2021-09-28T06:37:22Z
95.161.188.246,95-161-188-246.obit.ru.,8492,OBIT Ltd.,RU,Moscow,,,FALSE,0.62,2021-11-09T22:19:01Z,2021-09-28T06:41:29Z
185.23.66.172,,60936,LLC Skynet,RU,Kizilyurt,,,FALSE,1,2021-11-09T22:18:56Z,2021-09-28T06:49:50Z
37.232.183.74,static-37-232-183-74.netbynet.ru.,12714,Net By Net Holding LLC,RU,Cheboksary,,,FALSE,1,2021-09-28T07:02:00Z,2021-09-28T07:02:00Z
77.37.131.148,broadband-77-37-131-148.ip.moscow.rt.ru.,42610,Rostelecom,RU,Moscow,,,FALSE,1,2021-09-28T18:10:58Z,2021-09-28T13:43:13Z
94.181.174.77,94x181x174x77.static.penza.ertelecom.ru.,41754,JSC ER-Telecom Holding,RU,Penza,,,FALSE,1,2021-09-28T14:02:13Z,2021-09-28T14:02:13Z
83.69.179.25,83-69-179-25.ncts.ru.,42767,New-Com Trade Ltd.,RU,Moscow,,,FALSE,1,2021-09-28T14:29:34Z,2021-09-28T14:29:34Z
92.54.126.211,211.126-54-92.telenet.ru.,35154,Rostelecom,RU,Yekaterinburg,,,FALSE,1,2021-09-28T15:31:43Z,2021-09-28T15:31:43Z
192.162.193.243,,56664,Sigma-Net Ltd.,RU,Uglich,,,FALSE,1,2021-09-28T15:34:16Z,2021-09-28T15:34:16Z
176.212.203.236,dynamicip-176-212-203-236.pppoe.tula.ertelecom.ru.,52207,JSC ER-Telecom Holding,RU,Tula,,,FALSE,1,2021-09-29T12:00:57Z,2021-09-29T12:00:57Z
176.213.61.19,176x213x61x19.dynamic.tula.ertelecom.ru.,52207,JSC ER-Telecom Holding,RU,Tula,,,FALSE,0.89,2021-10-04T22:15:56Z,2021-09-29T12:07:43Z
176.212.208.52,dynamicip-176-212-208-52.pppoe.tula.ertelecom.ru.,52207,JSC ER-Telecom Holding,RU,Tula,,,FALSE,1,2021-10-04T22:16:01Z,2021-09-29T12:07:44Z
176.212.201.194,dynamicip-176-212-201-194.pppoe.tula.ertelecom.ru.,52207,JSC ER-Telecom Holding,RU,Tula,,,FALSE,1,2021-09-30T02:02:39Z,2021-09-29T12:08:18Z
176.214.172.178,176x214x172x178.dynamic.tula.ertelecom.ru.,52207,JSC ER-Telecom Holding,RU,Tula,unbound 1.4.22,,FALSE,1,2021-10-06T14:02:15Z,2021-09-29T12:08:21Z
176.212.194.184,176x212x194x184.static-business.tula.ertelecom.ru.,52207,JSC ER-Telecom Holding,RU,Tula,,,FALSE,1,2021-10-08T09:15:58Z,2021-09-29T12:08:57Z
176.213.121.228,176x213x121x228.dynamic.tula.ertelecom.ru.,52207,JSC ER-Telecom Holding,RU,Tula,dnsmasq-2.52,,FALSE,0.85,2021-11-29T07:50:52Z,2021-09-29T12:08:57Z
176.213.172.212,176x213x172x212.dynamic.tula.ertelecom.ru.,52207,JSC ER-Telecom Holding,RU,Tula,,,FALSE,1,2021-09-29T12:09:07Z,2021-09-29T12:09:07Z
176.213.202.54,dynamicip-176-213-202-54.pppoe.tula.ertelecom.ru.,52207,JSC ER-Telecom Holding,RU,Tula,,,FALSE,1,2021-09-29T12:09:08Z,2021-09-29T12:09:08Z
5.42.50.24,5-42-50-24.colomna.net.,39493,CJSC Kolomna-Sviaz TV,RU,Kolomna,,,FALSE,1,2021-09-29T15:02:32Z,2021-09-29T13:13:48Z
87.103.241.202,b-internet.87.103.241.202.snt.ru.,12389,Rostelecom,RU,Novosibirsk,,,FALSE,1,2021-09-30T10:03:32Z,2021-09-30T09:26:48Z
176.214.35.184,176x214x35x184.dynamic.tula.ertelecom.ru.,21353,JSC ER-Telecom Holding,RU,Pushkino,,,FALSE,1,2021-09-30T23:10:57Z,2021-09-30T23:10:57Z
176.214.35.182,176x214x35x182.dynamic.tula.ertelecom.ru.,21353,JSC ER-Telecom Holding,RU,Pushkino,,,FALSE,1,2021-09-30T23:11:19Z,2021-09-30T23:11:19Z
95.31.138.161,95-31-138-161.broadband.corbina.ru.,8402,PVimpelCom,RU,Moscow,,,FALSE,1,2021-09-30T23:11:20Z,2021-09-30T23:11:20Z
176.124.169.208,,49811,Uzlovaya.net Ltd,RU,Uzlovaya,,,FALSE,1,2021-09-30T23:11:22Z,2021-09-30T23:11:22Z
91.201.253.202,,42916,IT Ltd.,RU,Tula,,,FALSE,1,2021-11-09T22:19:04Z,2021-09-30T23:12:06Z
109.188.112.175,wimax-client.yota.ru.,25159,PJSC MegaFon,RU,Tula,,,FALSE,0.67,2021-10-01T22:07:53Z,2021-09-30T23:12:39Z
5.164.25.133,dynamicip-5-164-25-133.pppoe.tula.ertelecom.ru.,52207,JSC ER-Telecom Holding,RU,Tula,,,FALSE,1,2021-09-30T23:12:53Z,2021-09-30T23:12:53Z
95.139.225.90,node-90-225-139-95.domolink.tula.net.,12389,Rostelecom,RU,Odoyev,,,FALSE,0.73,2021-10-07T11:03:32Z,2021-09-30T23:13:10Z
46.161.6.158,,212128,LLC horizon,RU,,,,FALSE,1,2021-10-08T08:01:14Z,2021-09-30T23:13:15Z
185.40.31.16,,61400,Start LLC,RU,Tula,,,FALSE,0.85,2021-10-08T08:01:21Z,2021-09-30T23:13:20Z
5.164.23.77,5x164x23x77.static-business.tula.ertelecom.ru.,52207,JSC ER-Telecom Holding,RU,Tula,,,FALSE,0.99,2021-10-04T19:01:32Z,2021-09-30T23:14:26Z
93.170.5.238,,58347,AiK Ltd.,RU,Tula,,,FALSE,0.75,2021-10-08T08:00:53Z,2021-09-30T23:14:57Z
83.171.98.69,mail.kdrodina.ru.,12389,Rostelecom,RU,St Petersburg,,,FALSE,1,2021-10-01T04:15:15Z,2021-10-01T04:15:15Z
46.173.32.87,46-173-32-87.gorcom.ru.,49120,Gorset Ltd.,RU,Tver,,,FALSE,1,2021-10-01T04:26:37Z,2021-10-01T04:26:37Z
91.217.81.165,iomacray.example.com.,204997,Network Management Ltd,RU,,,,FALSE,0.75,2021-11-09T22:19:16Z,2021-10-01T08:26:43Z
37.235.206.211,37-235-206-211.dynamic.customer.lanta.me.,41268,LANTA Ltd,RU,Tambov,,,FALSE,0.97,2021-10-03T11:02:42Z,2021-10-01T09:53:46Z
79.137.225.135,,12695,LLC Digital Network,RU,Moscow,,,FALSE,0.56,2021-11-29T13:41:38Z,2021-10-01T09:54:45Z
213.138.77.238,,15774,Limited Liability Company TTK-Svyaz,RU,Rostov-on-Don,,,FALSE,1,2021-10-01T11:47:07Z,2021-10-01T11:47:07Z
95.165.205.250,,25513,PJSC Moscow city telephone network,RU,Moscow,,,FALSE,1,2021-10-01T11:56:50Z,2021-10-01T11:56:50Z
31.28.99.25,25.99.28.31.interra.ru.,48524,"INTERRA telecommunications group, Ltd.",RU,Pervouralsk,,,FALSE,1,2021-10-01T22:07:35Z,2021-10-01T12:07:39Z
83.219.238.103,,31225,JSC Oblcom,RU,Tomilino,,,FALSE,0.76,2021-10-08T08:02:02Z,2021-10-01T12:13:01Z
82.114.141.54,,15757,Joint Stock Company Gazprom Space Systems,RU,,,,FALSE,0.9,2021-11-10T19:07:54Z,2021-10-01T12:33:04Z
89.175.174.214,,8359,MTS PJSC,RU,Moscow,,,FALSE,0.08,2021-11-29T07:51:31Z,2021-10-01T14:23:45Z
89.208.35.79,,12695,LLC Digital Network,RU,Reutov,,,FALSE,1,2021-10-01T14:35:58Z,2021-10-01T14:35:58Z
94.181.33.149,ns.ural.keramir.com.,41661,JSC ER-Telecom Holding,RU,Chelyabinsk,,,FALSE,1,2021-11-09T18:10:47Z,2021-10-01T16:07:14Z
91.245.69.30,,197315,Rostovskaya proizvodstvennaya kompaniya Ltd.,RU,Rostov,dnsmasq-pi-hole-2.80,,FALSE,1,2021-10-01T22:55:08Z,2021-10-01T22:55:08Z
195.19.44.134,h134.net44.bmstu.ru.,6868,Moscow State Technical University named NE Bouwman (state enterprise no commercial organisati,RU,Moscow,dnsmasq-pi-hole-2.84,,FALSE,1,2021-10-01T22:57:02Z,2021-10-01T22:57:02Z
109.68.212.173,380869-cj19942.tmweb.ru.,9123,TimeWeb Ltd.,RU,,dnsmasq-pi-hole-2.80,,FALSE,1,2021-10-01T22:57:31Z,2021-10-01T22:57:31Z
91.203.192.78,,47196,Garant-Park-Internet LLC,RU,,dnsmasq-pi-hole-2.86,,TRUE,1,2021-10-01T22:58:51Z,2021-10-01T22:58:51Z
217.25.93.210,564245-cg32380.tmweb.ru.,9123,TimeWeb Ltd.,RU,,dnsmasq-pi-hole-2.85,,FALSE,1,2021-10-01T23:03:17Z,2021-10-01T23:03:17Z
82.146.56.112,v.v.tolstik.nbrz.ru.,29182,JSC IOT,RU,,dnsmasq-pi-hole-2.85,,FALSE,1,2021-10-01T23:03:18Z,2021-10-01T23:03:18Z
178.154.212.102,,200350,Yandex.Cloud LLC,RU,,dnsmasq-pi-hole-2.85,,FALSE,1,2021-10-01T23:04:19Z,2021-10-01T23:04:19Z
185.125.18.15,ac.iskyhost.net.,62222,QuickSoft LLC,RU,,dnsmasq-pi-hole-2.85,,FALSE,1,2021-10-01T23:04:50Z,2021-10-01T23:04:50Z
178.170.242.184,,208677,Cloud technology Limited (Ltd.),RU,,dnsmasq-pi-hole-2.85,,FALSE,1,2021-10-01T23:06:19Z,2021-10-01T23:06:19Z
194.187.150.242,host-194.187.150.242.ardinvest.net.,35533,CrimeaCom South LLC,RU,,dnsmasq-pi-hole-2.84,,FALSE,1,2021-10-01T23:06:47Z,2021-10-01T23:06:47Z
176.215.255.216,savok.pw.,51645,JSC ER-Telecom Holding,RU,Irkutsk,dnsmasq-pi-hole-2.85,,FALSE,1,2021-10-01T23:09:18Z,2021-10-01T23:09:18Z
82.148.17.141,adm7.atrubller.io.,50340,OOO Network of data-centers Selectel,RU,,dnsmasq-pi-hole-2.81,,FALSE,1,2021-10-01T23:11:02Z,2021-10-01T23:11:02Z
45.156.21.179,korni-1.hostvds.com.,56971,IT Outsourcing LLC,RU,,dnsmasq-pi-hole-2.86,,FALSE,1,2021-10-01T23:11:08Z,2021-10-01T23:11:08Z
195.2.78.20,dns.huginn.ru.,48282,Hosting technology LTD,RU,,dnsmasq-pi-hole-2.85,,FALSE,1,2021-10-01T23:15:36Z,2021-10-01T23:15:36Z
176.32.32.92,sugil.mommylesson.com.,51659,LLC Baxet,RU,Moscow,dnsmasq-pi-hole-2.85,,FALSE,1,2021-10-01T23:20:44Z,2021-10-01T23:20:44Z
176.226.157.30,pool-176-226-157-30.is74.ru.,8369,Intersvyaz-2 JSC,RU,Chelyabinsk,dnsmasq-pi-hole-2.85,,FALSE,1,2021-10-01T23:21:58Z,2021-10-01T23:21:58Z
89.208.196.120,120.mcs.mail.ru.,47764,Mail.Ru LLC,RU,,dnsmasq-pi-hole-2.85,,FALSE,1,2021-10-01T23:26:30Z,2021-10-01T23:26:30Z
185.135.180.26,,208397,Infostroy LLC,RU,Moscow,dnsmasq-pi-hole-2.86,,FALSE,1,2021-10-01T23:28:18Z,2021-10-01T23:28:18Z
46.160.243.147,host243-147.infolink.ru.,35539,Information and Communication Technologies LLC,RU,Sverdlovskiy,dnsmasq-pi-hole-2.85,,FALSE,1,2021-10-01T23:28:34Z,2021-10-01T23:28:34Z
95.84.134.120,broadband-95-84-134-120.ip.moscow.rt.ru.,42610,Rostelecom,RU,Moscow,dnsmasq-pi-hole-2.84,,FALSE,1,2021-10-01T23:31:13Z,2021-10-01T23:31:13Z
95.182.123.112,44107.web.hosting-russia.ru.,202984,Chernyshov Aleksandr Aleksandrovich,RU,Moscow,dnsmasq-pi-hole-2.85,,FALSE,1,2021-10-01T23:31:41Z,2021-10-01T23:31:41Z
77.37.232.237,broadband-77-37-232-237.ip.moscow.rt.ru.,42610,Rostelecom,RU,Moscow,,,FALSE,1,2021-10-01T23:33:47Z,2021-10-01T23:33:47Z
46.21.249.104,cdsbonds.ru.,50340,OOO Network of data-centers Selectel,RU,,dnsmasq-pi-hole-2.81,,FALSE,1,2021-10-01T23:43:42Z,2021-10-01T23:43:42Z
91.246.116.16,91x246x116x16.static-customer.lipetsk.ertelecom.ru.,50498,JSC ER-Telecom Holding,RU,Lipetsk,dnsmasq-pi-hole-2.85,,FALSE,1,2021-10-02T00:22:41Z,2021-10-02T00:22:41Z
79.143.30.100,do6r4kkp75ou98b5.com.,50340,OOO Network of data-centers Selectel,RU,Moscow,dnsmasq-pi-hole-2.84,,FALSE,1,2021-10-02T00:28:24Z,2021-10-02T00:28:24Z
193.124.190.240,merron.ru.,35196,Ihor Hosting LLC,RU,,dnsmasq-pi-hole-2.81,,TRUE,1,2021-10-02T00:30:38Z,2021-10-02T00:30:38Z
95.142.46.202,host-1.codabra.cloud.,48282,Hosting technology LTD,RU,,dnsmasq-pi-hole-2.85,,FALSE,1,2021-10-02T00:33:26Z,2021-10-02T00:33:26Z
193.19.103.4,ns1.admnsk.ru.,30871,Municipalnoe kazennoe uchrezhdenie goroda Novosibirska Hozyaistvennoe upravlenie,RU,Novosibirsk,,,FALSE,1,2021-10-02T16:21:16Z,2021-10-02T16:21:16Z
95.54.40.180,95-54-40-180.dynamic.lenobl.dslavangard.ru.,12389,Rostelecom,RU,Luga,dnsmasq-pi-hole-2.85,,FALSE,1,2021-10-02T16:26:00Z,2021-10-02T16:26:00Z
91.201.40.141,mtk.tldg.,210079,EuroByte LLC,RU,,dnsmasq-pi-hole-2.86,,FALSE,1,2021-10-02T16:28:40Z,2021-10-02T16:28:40Z
212.176.167.201,,2854,LLC Orange Business Services,RU,,dnsmasq-pi-hole-2.86,,FALSE,1,2021-10-02T16:31:48Z,2021-10-02T16:31:48Z
94.181.190.130,94x181x190x130.static-customer.penza.ertelecom.ru.,41754,JSC ER-Telecom Holding,RU,Penza,dnsmasq-pi-hole-2.84,,FALSE,1,2021-10-02T16:32:10Z,2021-10-02T16:32:10Z
217.117.112.22,,30953,Niko-2001 LLC,RU,Moscow,dnsmasq-pi-hole-2.84,,FALSE,1,2021-10-02T16:32:46Z,2021-10-02T16:32:46Z
195.19.44.133,h133.net44.bmstu.ru.,6868,Moscow State Technical University named NE Bouwman (state enterprise no commercial organisati,RU,Moscow,dnsmasq-pi-hole-2.82,,FALSE,1,2021-10-02T16:35:59Z,2021-10-02T16:35:59Z
85.15.176.219,219.176.access.ttknet.ru.,12389,Rostelecom,RU,Tyumen,dnsmasq-pi-hole-2.85,,FALSE,1,2021-10-02T16:42:02Z,2021-10-02T16:42:02Z
188.225.78.179,vds-alexey5241.timeweb.ru.,9123,TimeWeb Ltd.,RU,Moscow,dnsmasq-pi-hole-2.87test3,,FALSE,1,2021-10-02T16:48:30Z,2021-10-02T16:48:30Z
185.118.164.205,tl.virser.de.,44493,Chelyabinsk-Signal LLC,RU,,dnsmasq-pi-hole-2.87test3,,TRUE,1,2021-10-02T16:48:32Z,2021-10-02T16:48:32Z
83.246.234.6,dynamic-ip-83-246-234-6.fttx.retail.intelbi.ru.,31364,Joint Stock Company TransTeleCom,RU,Barnaul,,,FALSE,1,2021-10-02T16:52:49Z,2021-10-02T16:52:49Z
185.139.70.84,k.igonin07.example.com.,204997,Network Management Ltd,RU,,dnsmasq-pi-hole-2.86,,FALSE,1,2021-10-02T17:04:23Z,2021-10-02T17:04:23Z
62.176.21.67,,34456,Rial Com JSC,RU,Podolsk,dnsmasq-pi-hole-2.85,,TRUE,1,2021-10-02T17:35:41Z,2021-10-02T17:35:41Z
185.185.68.196,dns.dva.re.,35278,Sprinthost.ru LLC,RU,,dnsmasq-pi-hole-2.81,,FALSE,1,2021-10-02T18:52:57Z,2021-10-02T18:52:57Z
146.120.66.105,105.66.120.146.static.unetcom.ru.,42518,Unet Communication LLC,RU,St Petersburg,dnsmasq-pi-hole-2.85,,FALSE,1,2021-10-02T19:10:55Z,2021-10-02T19:10:55Z
91.206.148.243,,47656,Ast-Systems Ltd.,RU,Astrakhan,,,FALSE,1,2021-10-08T09:23:01Z,2021-10-03T04:56:24Z
194.60.242.127,,39577,Goodnet LLC,RU,Leningradskaya,,,FALSE,1,2021-10-03T05:18:44Z,2021-10-03T05:18:44Z
91.223.32.102,,198137,OOO Net-Nord,RU,Moscow,,,FALSE,0.98,2021-10-08T08:02:59Z,2021-10-03T07:10:55Z
89.19.175.117,,15582,OJSC Comcor,RU,Moscow,,,FALSE,0.78,2021-10-08T08:01:39Z,2021-10-03T09:14:09Z
89.251.144.37,cable-pppoe-89-251-144-37.kzn.hitv.ru.,29194,MTS PJSC,RU,Kazan’,,,FALSE,0.92,2021-10-07T13:14:59Z,2021-10-03T10:25:18Z
193.243.138.50,white.i-house.ru.,21298,Republican Fund 'Mordovia-Internet',RU,,,,FALSE,0.75,2021-11-10T00:14:50Z,2021-10-03T11:01:21Z
185.17.132.158,,44391,JSC Elektrosvyaz,RU,Makhachkala,,,FALSE,1,2021-10-03T12:09:34Z,2021-10-03T12:09:34Z
178.72.106.154,,48541,MTS PJSC,RU,Novokuznetsk,,,FALSE,1,2021-10-03T12:12:27Z,2021-10-03T12:12:27Z
92.255.164.166,92x255x164x166.static-business.tmn.ertelecom.ru.,41682,JSC ER-Telecom Holding,RU,Tyumen,,,FALSE,1,2021-10-03T12:40:34Z,2021-10-03T12:40:34Z
194.8.70.10,,44560,Ministry of Interior Affairs of Russian Federation,RU,Moscow,9.9.5-3ubuntu0.19-Ubuntu,,TRUE,1,2021-10-03T12:54:32Z,2021-10-03T12:54:32Z
194.88.141.2,ns1.interros.ru.,35774,Holding Company Interros (LLC),RU,,,,FALSE,1,2021-10-03T12:58:21Z,2021-10-03T12:58:21Z
195.88.179.219,,49098,Studiya NOVA LLC,RU,Yelizovo,,,FALSE,1,2021-10-03T13:00:03Z,2021-10-03T13:00:03Z
178.217.40.208,,197070,MTS PJSC,RU,Zelenodolsk,,,FALSE,0.66,2021-10-08T08:00:58Z,2021-10-03T16:24:03Z
81.162.56.74,host-81-162-56-74.dynamic-pool.bospor-telecom.net.,42238,Bospor-Telecom LLC,RU,,,,FALSE,0.74,2021-10-07T14:07:06Z,2021-10-05T08:27:29Z
46.188.82.63,broadband-46-188-82-63.2com.net.,8334,2COM Co Ltd.,RU,Moscow,,,FALSE,0.8,2021-10-08T08:03:32Z,2021-10-05T09:00:07Z
158.58.133.38,host-158-58-133-38.bisv.ru.,47586,OOO Pervaya Set,RU,Sochi,,,FALSE,0.82,2021-10-08T08:02:05Z,2021-10-05T15:00:25Z
109.195.55.154,net55.195.109-154.voronezh.ertelecom.ru.,50542,JSC ER-Telecom Holding,RU,Voronezh,,,FALSE,0.8,2021-11-10T08:19:06Z,2021-10-05T15:10:22Z
188.170.237.214,,31195,PJSC MegaFon,RU,Krasnoyarsk,,,FALSE,1,2021-11-10T00:14:43Z,2021-10-05T15:14:16Z
212.3.146.80,,35125,Rostelecom,RU,Moscow,,,FALSE,1,2021-10-07T05:07:44Z,2021-10-07T05:07:44Z
46.229.67.198,host-46-229-67-198.avantel.ru.,8711,JSC Avantel,RU,Barnaul,,,FALSE,0.64,2021-10-08T08:01:26Z,2021-10-07T08:42:30Z
46.227.162.98,node-162.227.46-98.avelacom.ru.,31059,Avelacom Business Ltd.,RU,Domodedovo,,,FALSE,0.85,2021-10-08T08:02:43Z,2021-10-07T10:19:17Z
81.163.57.147,,57227,Subnet LLC,RU,Makhachkala,,,FALSE,0.71,2021-10-08T08:03:32Z,2021-10-07T10:49:07Z
80.79.66.82,,8492,OBIT Ltd.,RU,Moscow,,,FALSE,1,2021-10-07T16:10:26Z,2021-10-07T16:10:26Z
79.143.225.152,,31558,MTS PJSC,RU,Dmitriyev-Lgovsky,,,FALSE,0.4,2021-11-29T07:55:33Z,2021-10-10T14:42:00Z
93.159.247.109,faer-alk.ru.,39785,Nemerov Evgeniy Vladimirovish PE,RU,Krasnoyarsk,,,FALSE,0.57,2021-10-18T09:02:44Z,2021-10-12T09:37:53Z
185.28.108.181,ip-108-181.as12773.net.,12773,Meshnet ltd.,RU,,,,FALSE,0.83,2021-11-09T22:26:04Z,2021-10-12T09:48:38Z
91.203.36.102,,15493,Russian company LLC,RU,Tyumen,,,FALSE,0.49,2021-11-09T17:29:34Z,2021-10-12T10:24:55Z
109.68.189.22,static-109-68-189-22.tel.ru.,31430,OOO Suntel,RU,Moscow,,,FALSE,0.23,2021-11-29T07:55:29Z,2021-10-12T15:11:13Z
176.215.191.177,176x215x191x177.static-business.msk.ertelecom.ru.,31363,JSC ER-Telecom Holding,RU,Moscow,,,FALSE,0.93,2022-01-15T18:09:14Z,2021-10-12T15:39:52Z
212.233.105.14,,9110,AMT GROUP TELECOM Limited Liability Company,RU,Moscow,,,FALSE,0.75,2021-12-30T13:29:26Z,2021-10-14T06:34:31Z
86.110.27.165,host-86-110-27-165.n.atel.su.,8905,Digit One LLC,RU,Odintsovo,,,FALSE,0.6,2021-10-14T10:02:38Z,2021-10-14T06:48:20Z
31.207.188.96,pool-31-207-188-96.is74.ru.,8369,Intersvyaz-2 JSC,RU,Chelyabinsk,,,FALSE,1,2021-10-16T13:11:37Z,2021-10-16T05:42:02Z
178.47.141.85,dsl-178-47-141-85.permonline.ru.,12389,Rostelecom,RU,Perm,,,FALSE,0.62,2021-11-10T22:11:34Z,2021-10-16T05:49:00Z
195.9.162.186,mail.gupmr.ru.,25513,PJSC Moscow city telephone network,RU,Moscow,,,FALSE,0.62,2021-10-28T04:00:32Z,2021-10-16T05:50:04Z
89.249.244.111,4C5E0C5C5E3E.mldns.ru.,31370,OOO Gruppa MosLine,RU,Moscow,,,FALSE,0.71,2021-11-11T07:11:47Z,2021-10-16T07:43:33Z
195.208.140.108,mx.asfasad.ru.,44587,Megacom-it LLC,RU,Novosibirsk,,,FALSE,0.5,2021-11-04T08:01:11Z,2021-10-16T08:23:51Z
77.236.234.250,250.234.236.77.msk.enforta.com.,21353,JSC ER-Telecom Holding,RU,Moscow,,,FALSE,0.5,2022-03-09T09:16:50Z,2021-10-16T11:39:30Z
176.197.5.218,176-197-5-218.goodline.info.,39927,E-Light-Telecom Ltd.,RU,Kemerovo,,,FALSE,0.66,2021-11-09T23:14:02Z,2021-10-16T13:10:26Z
178.252.197.64,infotek-net.ru.,24689,JSC Rosin.telekom,RU,Novomoskovsk,,,FALSE,0.98,2021-12-16T08:30:27Z,2021-10-16T16:11:41Z
80.254.104.8,8.104.254.80.donpac.ru.,21479,Rostelecom,RU,Rostov-on-Don,,,FALSE,1,2021-10-16T16:21:49Z,2021-10-16T16:21:49Z
109.195.115.150,109x195x115x150.static-customer.yar.ertelecom.ru.,51819,JSC ER-Telecom Holding,RU,Yaroslavl,,,FALSE,0.99,2021-12-16T04:34:24Z,2021-10-18T06:56:00Z
87.241.207.139,,12772,JSC ER-Telecom Holding,RU,Novosibirsk,,,FALSE,1,2021-10-18T08:25:49Z,2021-10-18T08:25:49Z
83.69.219.38,83-69-219-38.in-addr.mastertelecom.ru.,29226,JSC Mastertel,RU,Moscow,,,FALSE,0.83,2021-10-21T20:07:58Z,2021-10-18T10:04:06Z
176.227.188.66,pavlov.rzn.ru.,34467,JSC Telephone Company Sotcom,RU,Ryazan,,,FALSE,0.61,2021-11-10T22:11:39Z,2021-10-18T10:07:37Z
80.73.87.198,,21487,Rostelecom,RU,Yakutsk,,,FALSE,1,2022-03-09T09:17:21Z,2021-10-18T10:31:25Z
83.151.2.50,culturist.kazguki.ru.,31286,MTS PJSC,RU,,PowerDNS Recursor 4.0.8 (built Dec 11 2017 10:39:35 by root@4351f9921268),,FALSE,1,2021-10-18T13:42:49Z,2021-10-18T13:42:49Z
62.133.168.72,h62-133-168-72.static.bashtel.ru.,28812,PJSC Bashinformsvyaz,RU,Fomichevo,,,FALSE,1,2021-10-18T14:33:34Z,2021-10-18T14:33:34Z
188.128.81.74,,12389,Rostelecom,RU,Smolensk,,,FALSE,1,2021-10-18T14:41:23Z,2021-10-18T14:41:23Z
79.111.13.155,,12714,Net By Net Holding LLC,RU,Moscow,,,FALSE,0.5,2021-11-29T16:43:04Z,2021-10-20T05:38:17Z
31.172.133.253,31-172-133-253.potok-kmv.ru.,44963,Stavtelecom LLC,RU,Stavropol,,,FALSE,0.67,2021-11-29T05:28:24Z,2021-10-20T06:06:34Z
95.165.177.30,,25513,PJSC Moscow city telephone network,RU,Moscow,,,FALSE,1,2021-10-20T14:14:54Z,2021-10-20T12:36:03Z
83.174.218.83,h83-174-218-83.static.bashtel.ru.,28812,PJSC Bashinformsvyaz,RU,Ufa,,,FALSE,0.62,2021-11-29T16:47:01Z,2021-10-20T12:39:25Z
188.133.153.143,143.153.133.188.msk.enforta.com.,21353,JSC ER-Telecom Holding,RU,Moscow,,,FALSE,1,2021-10-20T14:15:11Z,2021-10-20T13:24:34Z
158.58.133.106,host-158-58-133-106.bisv.ru.,47586,OOO Pervaya Set,RU,Sochi,,,FALSE,0.48,2021-11-29T07:31:00Z,2021-10-22T05:44:15Z
84.204.40.155,www.projectinvest.spb.ru.,20632,PJSC MegaFon,RU,St Petersburg,,,FALSE,0.42,2022-03-14T07:17:42Z,2021-10-22T05:48:34Z
109.94.182.9,unknown.garanta.ru.,44895,MTS PJSC,RU,Ryazan,,,FALSE,0.79,2021-11-09T15:04:17Z,2021-10-22T08:42:35Z
178.74.70.94,host94.net178-74-70.omkc.ru.,47165,Omskie kabelnye seti Ltd.,RU,Omsk,,,FALSE,0.76,2021-11-11T04:15:42Z,2021-10-22T15:33:36Z
185.175.119.113,,206756,Beltelecom LLC,RU,Belorechensk,,,FALSE,0.62,2021-11-29T16:47:03Z,2021-10-23T14:51:56Z
151.252.109.241,,48479,KUBAN-TELECOM Ltd.,RU,Krasnodar,,,FALSE,1,2021-10-28T09:01:32Z,2021-10-24T03:01:38Z
83.171.114.92,ppp.83-171-114-92.pppoe.avangarddsl.ru.,12389,Rostelecom,RU,Syktyvkar,,,FALSE,0.67,2022-03-09T09:17:10Z,2021-10-24T04:47:03Z
176.215.237.166,176x215x237x166.sibtele.com.,51645,JSC ER-Telecom Holding,RU,Irkutsk,,,FALSE,0.98,2021-11-09T15:07:55Z,2021-10-24T04:55:10Z
176.192.8.206,ip-176-192-8-206.bb.netbynet.ru.,12714,Net By Net Holding LLC,RU,Moscow,,,FALSE,1,2021-10-24T05:08:27Z,2021-10-24T05:08:27Z
82.151.114.197,,29456,Rostelecom,RU,Shebekino,,,FALSE,0.83,2021-11-10T08:22:53Z,2021-10-24T05:16:05Z
109.69.73.100,,57214,"Vidikon-K, CJSC",RU,Ryazan,,,FALSE,0.98,2021-11-29T11:34:24Z,2021-10-24T10:54:03Z
178.72.90.70,,44257,MTS PJSC,RU,Nyagan,,,FALSE,0.87,2022-02-21T13:07:47Z,2021-10-24T11:22:30Z
85.15.176.25,25.176.access.ttknet.ru.,12389,Rostelecom,RU,Tyumen,,,FALSE,0.87,2021-10-31T16:03:25Z,2021-10-24T12:12:13Z
213.80.166.5,,15974,Joint Stock Company TransTeleCom,RU,Astrakhan,,,FALSE,1,2021-10-24T12:14:15Z,2021-10-24T12:14:15Z
31.163.202.55,31-163-202-55.static-adsl.isurgut.ru.,12389,Rostelecom,RU,Surgut,,,FALSE,1,2021-10-24T12:16:44Z,2021-10-24T12:16:44Z
62.113.113.34,mail-russia.acvan.net.,48282,Hosting technology LTD,RU,,,,TRUE,1,2021-10-25T00:56:49Z,2021-10-25T00:56:49Z
5.59.136.230,,47626,"Timer, LLC",RU,Rostov-on-Don,,,FALSE,0.76,2022-01-01T13:29:32Z,2021-10-26T13:26:51Z
91.144.142.19,91x144x142x19.static-business.kzn.ertelecom.ru.,41668,JSC ER-Telecom Holding,RU,Kazan’,,,FALSE,0.8,2021-11-04T08:02:37Z,2021-10-27T02:55:27Z
176.215.238.161,dynamicip-176-215-238-161.pppoe.irkutsk.ertelecom.ru.,51645,JSC ER-Telecom Holding,RU,Tulun,,,FALSE,1,2021-11-09T15:07:37Z,2021-10-28T13:03:13Z
185.17.134.149,,44391,JSC Elektrosvyaz,RU,Makhachkala,,,FALSE,1,2021-10-28T13:09:06Z,2021-10-28T13:09:06Z
212.3.135.232,,35125,Rostelecom,RU,Smolensk,,,FALSE,1,2021-10-28T13:53:04Z,2021-10-28T13:53:04Z
83.220.183.144,,34456,Rial Com JSC,RU,Moscow,,,FALSE,1,2021-10-28T13:58:08Z,2021-10-28T13:58:08Z
109.195.69.104,net69.195.109-104.krsk.ertelecom.ru.,50544,JSC ER-Telecom Holding,RU,Krasnoyarsk,,,FALSE,0.78,2021-11-02T12:08:34Z,2021-10-28T14:12:40Z
195.239.178.110,,3216,PVimpelCom,RU,Vladivostok,,,FALSE,1,2021-10-29T13:08:04Z,2021-10-29T12:47:32Z
188.168.21.24,,15774,Limited Liability Company TTK-Svyaz,RU,Angarsk,,,FALSE,0.99,2022-01-06T10:36:01Z,2021-10-29T12:49:15Z
185.61.92.207,,48166,Fortex Cjsc,RU,Moscow,,,FALSE,1,2021-10-30T10:27:16Z,2021-10-30T10:27:16Z
95.25.41.172,95-25-41-172.broadband.corbina.ru.,8402,PVimpelCom,RU,Moscow,,,FALSE,1,2021-10-30T10:35:17Z,2021-10-30T10:35:17Z
89.251.147.97,,29194,MTS PJSC,RU,Kazan’,,,FALSE,1,2021-10-30T10:41:34Z,2021-10-30T10:41:34Z
91.151.176.80,ipt.nw.ru.,5433,VEROLINE Ltd,RU,St Petersburg,,,FALSE,0.75,2021-11-10T20:14:00Z,2021-10-30T14:01:50Z
193.150.117.61,,57449,Ltd arentel,RU,,,,FALSE,0.83,2021-11-02T12:09:10Z,2021-10-30T15:40:26Z
109.194.17.191,109x194x17x191.static-business.irkutsk.ertelecom.ru.,51645,JSC ER-Telecom Holding,RU,Irkutsk,,,FALSE,1,2021-11-09T15:08:00Z,2021-10-31T02:02:00Z
176.120.223.189,,57227,Subnet LLC,RU,Makhachkala,,,FALSE,0.83,2021-10-31T23:01:32Z,2021-10-31T02:39:56Z
195.190.126.94,smsp5.sudomech.spb.ru.,3216,PVimpelCom,RU,St Petersburg,,,FALSE,1,2021-10-31T16:02:59Z,2021-10-31T16:02:59Z
92.42.8.23,,44963,Stavtelecom LLC,RU,Pyatigorsk,,,FALSE,0.82,2021-11-09T20:23:19Z,2021-10-31T16:23:54Z
91.186.102.169,host-91-186-102-169.bb.norilsk.mts.ru.,42087,MTS PJSC,RU,Noril'sk,,,FALSE,1,2021-11-01T10:48:24Z,2021-11-01T10:48:24Z
213.85.168.57,,8615,Central Telegraph Public Joint-stock Company,RU,Odintsovo,,,FALSE,1,2021-11-10T09:14:59Z,2021-11-01T11:05:08Z
5.131.243.11,l5-131-243-11.novotelecom.ru.,31200,Novotelecom Ltd,RU,,,,FALSE,0.54,2021-11-29T22:42:32Z,2021-11-02T03:30:25Z
176.118.209.12,,60042,OnTelecom LLC,RU,Ryazan,,,FALSE,1,2021-11-02T11:06:18Z,2021-11-02T11:06:18Z
185.82.176.34,,60986,ZagorodTelecom LLC,RU,Lyubertsy,,,FALSE,1,2021-11-03T06:05:20Z,2021-11-03T06:05:20Z
188.168.25.247,,15774,Limited Liability Company TTK-Svyaz,RU,Irkutsk,,,FALSE,0.99,2021-11-09T15:07:15Z,2021-11-05T06:22:00Z
93.170.200.180,,61308,PVONET LTD,RU,Gorodishche,,,FALSE,0.71,2021-11-09T15:06:13Z,2021-11-05T06:31:44Z
83.171.106.94,ppp.83-171-106-94.pppoe.avangarddsl.ru.,12389,Rostelecom,RU,Murmansk,,,FALSE,0.92,2021-11-10T09:14:51Z,2021-11-07T05:09:52Z
109.197.93.133,,12714,Net By Net Holding LLC,RU,Novy Urengoy,,,FALSE,0.46,2021-11-09T15:05:53Z,2021-11-07T08:15:36Z
46.227.162.15,node-162.227.46-15.avelacom.ru.,31059,Avelacom Business Ltd.,RU,Domodedovo,,,FALSE,0.94,2021-11-09T15:07:11Z,2021-11-07T11:45:24Z
31.133.57.10,,39089,"Ugletelecom, State Telecommunications Agency",RU,,,,FALSE,0.67,2022-03-14T08:38:46Z,2021-11-20T10:58:18Z
91.195.205.149,,42916,IT Ltd.,RU,Tula,unbound 1.13.1,,TRUE,0.26,2022-01-12T13:08:19Z,2021-12-02T00:01:10Z
91.201.255.255,,42916,IT Ltd.,RU,Tula,,,FALSE,0.64,2022-01-12T18:09:23Z,2021-12-02T00:01:22Z
91.201.255.96,,42916,IT Ltd.,RU,Tula,,,FALSE,1,2022-03-09T09:21:00Z,2021-12-02T00:01:33Z
91.201.255.46,,42916,IT Ltd.,RU,Tula,,,FALSE,1,2022-01-06T08:47:40Z,2021-12-02T00:02:14Z
91.201.254.190,,42916,IT Ltd.,RU,Tula,,,FALSE,0.96,2022-01-06T08:44:49Z,2021-12-02T00:02:43Z
91.201.252.81,,42916,IT Ltd.,RU,Tula,dnsmasq-2.48,,TRUE,1,2022-03-09T09:20:59Z,2021-12-02T00:02:54Z
91.201.254.233,,42916,IT Ltd.,RU,Tula,,,FALSE,0.73,2022-01-06T10:36:26Z,2021-12-02T00:03:03Z
212.12.17.124,rev-124-17-12-212.tula.net.,8675,Rostelecom,RU,Yasnogorsk,,,FALSE,0.8,2022-02-18T07:09:12Z,2021-12-30T04:49:10Z
5.164.26.4,dynamicip-5-164-26-4.pppoe.tula.ertelecom.ru.,52207,JSC ER-Telecom Holding,RU,Tula,,,FALSE,1,2021-12-31T07:39:25Z,2021-12-31T03:26:24Z
5.164.20.168,5x164x20x168.static-business.tula.ertelecom.ru.,52207,JSC ER-Telecom Holding,RU,Tula,,,TRUE,0.7,2022-01-11T16:20:36Z,2021-12-31T03:26:27Z
128.73.209.137,128-73-209-137.broadband.corbina.ru.,8402,PVimpelCom,RU,Omsk,,,FALSE,0.66,2022-01-11T13:09:03Z,2021-12-31T03:27:38Z
109.111.9.14,,40993,MTS PJSC,RU,Tula,,,FALSE,1,2021-12-31T07:40:32Z,2021-12-31T03:27:59Z
46.16.98.143,,16345,PVimpelCom,RU,,dnsmasq-2.47,,FALSE,0.2,2022-01-23T07:08:10Z,2021-12-31T03:28:11Z
46.147.193.104,46x147x193x104.dynamic.tula.ertelecom.ru.,52207,JSC ER-Telecom Holding,RU,Tula,unbound 1.4.22,,FALSE,1,2021-12-31T04:29:12Z,2021-12-31T03:28:12Z
212.12.28.59,rev-59-28-12-212.tula.net.,8675,Rostelecom,RU,Tula,,,FALSE,1,2021-12-31T07:41:07Z,2021-12-31T03:28:40Z
94.28.88.182,,12772,JSC ER-Telecom Holding,RU,,,,FALSE,0.98,2022-01-11T17:16:36Z,2021-12-31T03:29:24Z
176.212.206.84,dynamicip-176-212-206-84.pppoe.tula.ertelecom.ru.,52207,JSC ER-Telecom Holding,RU,Tula,,,FALSE,0.89,2022-01-05T07:47:30Z,2021-12-31T03:31:02Z
5.164.23.131,5x164x23x131.static-business.tula.ertelecom.ru.,52207,JSC ER-Telecom Holding,RU,Tula,,,FALSE,0.99,2022-01-11T16:20:35Z,2021-12-31T03:31:31Z
94.28.3.61,,12772,JSC ER-Telecom Holding,RU,Krasnodar,,,FALSE,1,2021-12-31T19:38:25Z,2021-12-31T03:31:45Z
89.107.198.111,,40993,MTS PJSC,RU,Bolokhovo,,,FALSE,0.91,2022-02-28T07:09:08Z,2021-12-31T03:31:45Z
212.12.15.128,rev-128-15-12-212.tula.net.,8675,Rostelecom,RU,Aleksin,,,FALSE,0.4,2022-02-09T09:27:20Z,2021-12-31T03:32:15Z
5.164.30.1,5x164x30x1.static-business.tula.ertelecom.ru.,52207,JSC ER-Telecom Holding,RU,Tula,,,FALSE,0.77,2022-01-14T07:07:59Z,2021-12-31T03:32:26Z
212.12.14.127,rev-127-14-12-212.tula.net.,8675,Rostelecom,RU,Tula,,,FALSE,0.79,2022-01-06T06:39:23Z,2021-12-31T03:32:27Z
109.195.189.187,109x195x189x187.static-business.tula.ertelecom.ru.,52207,JSC ER-Telecom Holding,RU,Tula,,,FALSE,0.95,2022-01-06T06:39:12Z,2021-12-31T03:32:28Z
212.12.17.245,rev-245-17-12-212.tula.net.,8675,Rostelecom,RU,Yasnogorsk,,,FALSE,0.64,2022-01-06T10:37:54Z,2021-12-31T03:32:49Z
87.244.23.166,,35401,AO Tele-Service Tula,RU,Tula,dnsmasq-2.45,,FALSE,1,2022-01-05T21:47:21Z,2021-12-31T03:33:00Z
94.28.225.68,node-68-225-28-94.domolink.tula.net.,12389,Rostelecom,RU,Kimovsk,,,FALSE,1,2021-12-31T07:42:26Z,2021-12-31T03:33:02Z
212.12.27.52,rev-52-27-12-212.tula.net.,8675,Rostelecom,RU,Tula,,,FALSE,1,2022-01-03T13:39:47Z,2021-12-31T03:33:21Z
212.12.27.27,rev-27-27-12-212.tula.net.,8675,Rostelecom,RU,Tula,,,FALSE,1,2022-01-03T13:39:47Z,2021-12-31T03:33:22Z
94.28.49.131,,12772,JSC ER-Telecom Holding,RU,,,,FALSE,1,2021-12-31T03:33:23Z,2021-12-31T03:33:23Z
95.139.137.80,node-80-137-139-95.domolink.tula.net.,12389,Rostelecom,RU,Tula,,,FALSE,1,2021-12-31T03:33:25Z,2021-12-31T03:33:25Z
176.213.120.108,176x213x120x108.dynamic.tula.ertelecom.ru.,52207,JSC ER-Telecom Holding,RU,Tula,unbound 1.4.22,,FALSE,1,2021-12-31T03:33:26Z,2021-12-31T03:33:26Z
5.164.31.196,5x164x31x196.static-business.tula.ertelecom.ru.,52207,JSC ER-Telecom Holding,RU,Tula,,,TRUE,1,2021-12-31T03:33:27Z,2021-12-31T03:33:27Z
5.167.141.85,5x167x141x85.dynamic.tula.ertelecom.ru.,52207,JSC ER-Telecom Holding,RU,Saratov,,,FALSE,1,2021-12-31T03:33:46Z,2021-12-31T03:33:46Z
176.213.187.220,176x213x187x220.dynamic.tula.ertelecom.ru.,52207,JSC ER-Telecom Holding,RU,Tula,,,FALSE,1,2021-12-31T03:33:47Z,2021-12-31T03:33:47Z
176.212.206.28,dynamicip-176-212-206-28.pppoe.tula.ertelecom.ru.,52207,JSC ER-Telecom Holding,RU,Tula,unbound 1.4.22,,FALSE,1,2021-12-31T03:34:08Z,2021-12-31T03:34:08Z
5.164.25.62,dynamicip-5-164-25-62.pppoe.tula.ertelecom.ru.,52207,JSC ER-Telecom Holding,RU,Tula,Microsoft DNS 6.1.7601 (1DB15F75),,FALSE,1,2021-12-31T03:34:10Z,2021-12-31T03:34:10Z
5.164.31.60,5x164x31x60.static-business.tula.ertelecom.ru.,52207,JSC ER-Telecom Holding,RU,Tula,,,FALSE,1,2021-12-31T03:34:21Z,2021-12-31T03:34:21Z
46.52.255.80,,12772,JSC ER-Telecom Holding,RU,,,,FALSE,1,2021-12-31T03:34:33Z,2021-12-31T03:34:33Z
46.147.194.251,46x147x194x251.static-business.tula.ertelecom.ru.,52207,JSC ER-Telecom Holding,RU,Tula,,,TRUE,1,2021-12-31T03:34:43Z,2021-12-31T03:34:43Z
93.170.5.49,93-170-5-49.pool.gwave.ru.,58347,AiK Ltd.,RU,Tula,dnsmasq-2.52,,TRUE,1,2021-12-31T03:34:45Z,2021-12-31T03:34:45Z
212.12.14.122,mail.polyplast-nm.ru.,8675,Rostelecom,RU,Tula,dnsmasq-2.85,,FALSE,1,2021-12-31T03:35:16Z,2021-12-31T03:35:16Z
212.12.24.10,rev-10-24-12-212.tula.net.,8675,Rostelecom,RU,Tula,,,FALSE,1,2021-12-31T03:35:36Z,2021-12-31T03:35:36Z
109.195.187.172,109x195x187x172.dynamic.tula.ertelecom.ru.,52207,JSC ER-Telecom Holding,RU,Tula,,,FALSE,1,2021-12-31T03:35:57Z,2021-12-31T03:35:57Z
87.244.46.106,,35401,AO Tele-Service Tula,RU,Tula,dnsmasq-2.45,,FALSE,1,2021-12-31T03:35:57Z,2021-12-31T03:35:57Z
95.31.233.13,95-31-233-13.broadband.corbina.ru.,8402,PVimpelCom,RU,Engel's,,,FALSE,1,2021-12-31T03:35:58Z,2021-12-31T03:35:58Z
212.12.28.126,rev-126-28-12-212.tula.net.,8675,Rostelecom,RU,Tula,,,FALSE,1,2021-12-31T03:36:08Z,2021-12-31T03:36:08Z
95.31.233.53,95-31-233-53.broadband.corbina.ru.,8402,PVimpelCom,RU,Engel's,,,FALSE,0.83,2022-01-02T20:43:19Z,2021-12-31T03:36:48Z
5.164.26.131,dynamicip-5-164-26-131.pppoe.tula.ertelecom.ru.,52207,JSC ER-Telecom Holding,RU,Tula,,,FALSE,1,2021-12-31T04:27:48Z,2021-12-31T03:37:17Z
176.213.117.135,176x213x117x135.dynamic.tula.ertelecom.ru.,52207,JSC ER-Telecom Holding,RU,Tula,,,FALSE,1,2021-12-31T04:28:00Z,2021-12-31T03:37:18Z
109.111.16.36,,40993,MTS PJSC,RU,Tula,,,TRUE,1,2021-12-31T04:27:37Z,2021-12-31T03:37:19Z
87.244.50.150,,35401,AO Tele-Service Tula,RU,Tula,,,FALSE,0.99,2022-01-06T10:37:53Z,2021-12-31T03:38:25Z
5.164.26.158,dynamicip-5-164-26-158.pppoe.tula.ertelecom.ru.,52207,JSC ER-Telecom Holding,RU,Tula,,,FALSE,1,2021-12-31T07:41:12Z,2021-12-31T03:38:39Z
212.12.14.31,rev-31-14-12-212.tula.net.,8675,Rostelecom,RU,Aleksin,,,FALSE,0.38,2022-03-09T09:21:05Z,2021-12-31T03:38:42Z
109.111.8.114,,40993,MTS PJSC,RU,Tula,,,FALSE,0.68,2022-02-09T10:16:08Z,2021-12-31T03:38:53Z
176.212.211.175,dynamicip-176-212-211-175.pppoe.tula.ertelecom.ru.,52207,JSC ER-Telecom Holding,RU,Tula,,,FALSE,0.96,2022-01-12T08:08:27Z,2021-12-31T03:39:24Z
46.16.97.54,,16345,PVimpelCom,RU,,,,FALSE,0.59,2022-01-06T14:50:33Z,2021-12-31T03:40:05Z
5.164.20.85,5x164x20x85.static-business.tula.ertelecom.ru.,52207,JSC ER-Telecom Holding,RU,Tula,,,FALSE,0.94,2022-01-06T18:46:52Z,2021-12-31T03:40:16Z
5.164.28.186,5x164x28x186.static-business.tula.ertelecom.ru.,52207,JSC ER-Telecom Holding,RU,Tula,,,FALSE,1,2021-12-31T03:40:45Z,2021-12-31T03:40:45Z
94.28.88.144,,12772,JSC ER-Telecom Holding,RU,,,,FALSE,1,2021-12-31T03:41:05Z,2021-12-31T03:41:05Z
94.28.152.212,node-212-152-28-94.domolink.tula.net.,12389,Rostelecom,RU,Aleksin,,,FALSE,1,2021-12-31T03:41:25Z,2021-12-31T03:41:25Z
176.213.170.248,176x213x170x248.dynamic.tula.ertelecom.ru.,52207,JSC ER-Telecom Holding,RU,Tula,,,FALSE,1,2021-12-31T03:41:45Z,2021-12-31T03:41:45Z
87.244.23.14,,35401,AO Tele-Service Tula,RU,Tula,,,FALSE,1,2021-12-31T03:41:49Z,2021-12-31T03:41:49Z
94.28.92.40,,12772,JSC ER-Telecom Holding,RU,,,,FALSE,1,2021-12-31T03:41:50Z,2021-12-31T03:41:50Z
212.12.15.136,rev-136-15-12-212.tula.net.,8675,Rostelecom,RU,Tula,,,FALSE,1,2021-12-31T03:41:53Z,2021-12-31T03:41:53Z
212.12.27.184,rev-184-27-12-212.tula.net.,8675,Rostelecom,RU,Tula,,,FALSE,1,2021-12-31T03:42:14Z,2021-12-31T03:42:14Z
212.12.29.121,rev-121-29-12-212.tula.net.,8675,Rostelecom,RU,Tula,,,FALSE,1,2021-12-31T03:42:25Z,2021-12-31T03:42:25Z
89.107.197.149,,40993,MTS PJSC,RU,Bolokhovo,,,FALSE,1,2021-12-31T03:42:54Z,2021-12-31T03:42:54Z
212.12.15.32,rev-32-15-12-212.tula.net.,8675,Rostelecom,RU,Tula,,,FALSE,1,2021-12-31T03:43:26Z,2021-12-31T03:43:26Z
46.52.254.108,,12772,JSC ER-Telecom Holding,RU,,,,FALSE,1,2021-12-31T03:43:36Z,2021-12-31T03:43:36Z
212.12.0.146,rex.tulatelecom.ru.,8675,Rostelecom,RU,Tula,,,FALSE,1,2021-12-31T03:43:47Z,2021-12-31T03:43:47Z
94.28.100.99,,12772,JSC ER-Telecom Holding,RU,,,,FALSE,1,2021-12-31T03:43:57Z,2021-12-31T03:43:57Z
176.213.58.235,176x213x58x235.dynamic.tula.ertelecom.ru.,52207,JSC ER-Telecom Holding,RU,Tula,,,FALSE,1,2021-12-31T03:43:58Z,2021-12-31T03:43:58Z
46.147.195.82,46x147x195x82.static-business.tula.ertelecom.ru.,52207,JSC ER-Telecom Holding,RU,Tula,,,FALSE,1,2021-12-31T03:44:17Z,2021-12-31T03:44:17Z
87.244.9.194,cust-194-9.tsnet.ru.,8905,Digit One LLC,RU,Moscow,,,FALSE,1,2021-12-31T03:44:32Z,2021-12-31T03:44:32Z
94.28.84.224,,12772,JSC ER-Telecom Holding,RU,,,,FALSE,1,2021-12-31T03:44:52Z,2021-12-31T03:44:52Z
5.164.28.219,5x164x28x219.static-business.tula.ertelecom.ru.,52207,JSC ER-Telecom Holding,RU,Tula,,,FALSE,1,2021-12-31T03:44:53Z,2021-12-31T03:44:53Z
95.80.104.128,128.104.80.95.tula.ptl.ru.,12418,Quantum CJSC,RU,,,,FALSE,1,2021-12-31T03:45:14Z,2021-12-31T03:45:14Z
94.28.91.14,,12772,JSC ER-Telecom Holding,RU,,,,FALSE,1,2021-12-31T03:45:52Z,2021-12-31T03:45:52Z
176.213.201.95,dynamicip-176-213-201-95.pppoe.tula.ertelecom.ru.,52207,JSC ER-Telecom Holding,RU,Tula,dnsmasq-2.52,,FALSE,1,2021-12-31T03:45:53Z,2021-12-31T03:45:53Z
109.195.177.157,109x195x177x157.static-business.tula.ertelecom.ru.,52207,JSC ER-Telecom Holding,RU,Tula,,,FALSE,1,2021-12-31T03:46:14Z,2021-12-31T03:46:14Z
87.244.9.206,cust-206-9.tsnet.ru.,8905,Digit One LLC,RU,Moscow,,,FALSE,0.63,2022-01-11T17:16:43Z,2021-12-31T03:47:44Z
87.244.9.204,cust-204-9.tsnet.ru.,8905,Digit One LLC,RU,Moscow,,,FALSE,0.59,2022-03-22T21:17:09Z,2021-12-31T03:47:45Z
212.12.31.188,rev-188-31-12-212.tula.net.,8675,Rostelecom,RU,Tula,,,FALSE,0.89,2022-02-23T10:07:25Z,2021-12-31T03:48:54Z
94.28.94.135,,12772,JSC ER-Telecom Holding,RU,,,,FALSE,0.87,2022-01-08T11:54:33Z,2021-12-31T03:48:56Z
87.244.34.98,,35401,AO Tele-Service Tula,RU,Tula,,,FALSE,0.89,2022-01-06T10:36:02Z,2021-12-31T03:49:06Z
212.12.27.190,rev-190-27-12-212.tula.net.,8675,Rostelecom,RU,Tula,,,FALSE,1,2022-01-07T21:47:17Z,2021-12-31T03:50:11Z
94.28.189.217,node-217-189-28-94.domolink.tula.net.,12389,Rostelecom,RU,Tula,,,FALSE,0.8,2022-01-06T18:50:52Z,2021-12-31T03:52:14Z
94.28.88.15,,12772,JSC ER-Telecom Holding,RU,,,,FALSE,1,2022-01-06T18:50:53Z,2021-12-31T03:52:24Z
94.28.84.78,,12772,JSC ER-Telecom Holding,RU,,,,FALSE,1,2022-01-06T14:50:39Z,2021-12-31T03:52:25Z
212.12.28.30,rev-30-28-12-212.tula.net.,8675,Rostelecom,RU,Tula,9.11.22,,FALSE,0.96,2022-01-06T10:35:59Z,2021-12-31T03:53:35Z
89.107.198.139,,40993,MTS PJSC,RU,Bolokhovo,,,FALSE,1,2021-12-31T04:28:12Z,2021-12-31T03:53:45Z
94.28.88.8,,12772,JSC ER-Telecom Holding,RU,,,,FALSE,1,2021-12-31T04:28:24Z,2021-12-31T03:54:05Z
87.244.25.190,cust-190-25.tsnet.ru.,8905,Digit One LLC,RU,,,,FALSE,1,2021-12-31T04:28:33Z,2021-12-31T03:54:35Z
5.167.141.112,5x167x141x112.dynamic.tula.ertelecom.ru.,52207,JSC ER-Telecom Holding,RU,Saratov,,,FALSE,1,2021-12-31T04:28:47Z,2021-12-31T03:55:06Z
87.244.36.250,,35401,AO Tele-Service Tula,RU,Tula,,,FALSE,1,2022-01-04T22:43:28Z,2021-12-31T03:55:44Z
5.164.26.87,dynamicip-5-164-26-87.pppoe.tula.ertelecom.ru.,52207,JSC ER-Telecom Holding,RU,Tula,,,FALSE,1,2021-12-31T04:28:58Z,2021-12-31T03:55:45Z
94.28.95.35,,12772,JSC ER-Telecom Holding,RU,,,,FALSE,0.92,2022-01-13T18:07:36Z,2021-12-31T03:56:23Z
94.28.52.60,,12772,JSC ER-Telecom Holding,RU,,,,FALSE,1,2022-01-11T17:16:35Z,2021-12-31T03:56:43Z
5.164.23.110,5x164x23x110.static-business.tula.ertelecom.ru.,52207,JSC ER-Telecom Holding,RU,Tula,,,FALSE,1,2021-12-31T04:29:22Z,2021-12-31T03:57:03Z
94.28.205.135,node-135-205-28-94.domolink.tula.net.,12389,Rostelecom,RU,Lipki,,,FALSE,1,2021-12-31T04:29:34Z,2021-12-31T03:57:04Z
178.176.63.46,,31208,PJSC MegaFon,RU,Krasnoyarsk,,,FALSE,1,2021-12-31T04:29:34Z,2021-12-31T03:57:06Z
94.28.84.39,,12772,JSC ER-Telecom Holding,RU,,,,FALSE,1,2022-01-05T07:47:34Z,2021-12-31T03:58:56Z
109.111.8.0,,40993,MTS PJSC,RU,Tula,,,FALSE,0.78,2022-01-05T10:36:01Z,2021-12-31T03:59:09Z
109.195.177.214,109x195x177x214.static-business.tula.ertelecom.ru.,52207,JSC ER-Telecom Holding,RU,Tula,,,FALSE,1,2021-12-31T04:29:55Z,2021-12-31T03:59:19Z
87.244.58.38,,35401,AO Tele-Service Tula,RU,Tula,go.away!,,FALSE,0.98,2022-01-14T19:05:43Z,2021-12-31T03:59:20Z
176.213.184.208,176x213x184x208.dynamic.tula.ertelecom.ru.,52207,JSC ER-Telecom Holding,RU,Tula,,,FALSE,0.99,2022-01-14T07:08:48Z,2021-12-31T04:00:02Z
46.147.199.82,46x147x199x82.dynamic.tula.ertelecom.ru.,52207,JSC ER-Telecom Holding,RU,Tula,,,FALSE,0.99,2022-01-04T06:43:18Z,2021-12-31T04:00:47Z
212.12.14.238,rev-238-14-12-212.tula.net.,8675,Rostelecom,RU,Aleksin,,,FALSE,0.56,2022-01-14T07:08:28Z,2021-12-31T04:00:59Z
91.201.254.26,,42916,IT Ltd.,RU,Tula,fuckoff,,FALSE,1,2022-01-14T07:08:08Z,2021-12-31T04:01:00Z
176.213.112.131,176x213x112x131.dynamic.tula.ertelecom.ru.,52207,JSC ER-Telecom Holding,RU,Tula,,,FALSE,1,2021-12-31T04:30:07Z,2021-12-31T04:01:10Z
109.195.189.169,109x195x189x169.static-business.tula.ertelecom.ru.,52207,JSC ER-Telecom Holding,RU,Tula,,,FALSE,1,2021-12-31T04:30:16Z,2021-12-31T04:01:31Z
46.147.192.249,46x147x192x249.dynamic.tula.ertelecom.ru.,52207,JSC ER-Telecom Holding,RU,Tula,,,FALSE,1,2021-12-31T04:30:24Z,2021-12-31T04:01:44Z
46.147.195.91,46x147x195x91.static-business.tula.ertelecom.ru.,52207,JSC ER-Telecom Holding,RU,Tula,,,FALSE,1,2021-12-31T04:30:38Z,2021-12-31T04:02:04Z
212.12.18.144,rev-144-18-12-212.tula.net.,8675,Rostelecom,RU,Tula,,,FALSE,1,2021-12-31T04:30:46Z,2021-12-31T04:02:44Z
89.107.197.141,,40993,MTS PJSC,RU,Bolokhovo,dnsmasq-2.78,,FALSE,0.78,2022-01-14T19:05:43Z,2021-12-31T04:03:28Z
87.244.39.30,,35401,AO Tele-Service Tula,RU,Tula,,,FALSE,1,2021-12-31T07:42:02Z,2021-12-31T04:05:15Z
5.164.29.39,5x164x29x39.static.tula.ertelecom.ru.,52207,JSC ER-Telecom Holding,RU,Tula,,,FALSE,0.91,2022-01-06T14:50:39Z,2021-12-31T04:06:56Z
212.12.25.89,rev-89-25-12-212.tula.net.,8675,Rostelecom,RU,Tula,,,FALSE,0.71,2022-01-15T13:17:18Z,2021-12-31T04:07:43Z
87.244.58.174,,35401,AO Tele-Service Tula,RU,Tula,,,FALSE,0.93,2022-01-06T18:50:54Z,2021-12-31T04:08:48Z
212.12.20.42,rev-42-20-12-212.tula.net.,8675,Rostelecom,RU,Tula,,,FALSE,0.73,2022-03-09T11:17:01Z,2021-12-31T04:09:16Z
91.206.73.50,,47495,Radionet -T Ltd,RU,,9.11.5-P4-5.1+deb10u5-Debian,,FALSE,1,2022-01-05T07:47:46Z,2021-12-31T04:09:38Z
46.147.192.152,46x147x192x152.dynamic.tula.ertelecom.ru.,52207,JSC ER-Telecom Holding,RU,Tula,,,FALSE,1,2022-01-10T13:17:17Z,2021-12-31T04:11:08Z
94.28.37.86,,12772,JSC ER-Telecom Holding,RU,,,,FALSE,0.98,2022-01-05T12:51:21Z,2021-12-31T04:12:05Z
46.52.254.111,,12772,JSC ER-Telecom Holding,RU,,,,FALSE,0.96,2022-01-11T13:09:00Z,2021-12-31T04:12:16Z
87.244.20.154,,35401,AO Tele-Service Tula,RU,Tula,,,FALSE,0.99,2022-01-04T22:43:19Z,2021-12-31T04:12:36Z
195.208.174.64,,56939,Credo-S Ltd.,RU,,9.8.4-rpz2+rl005.12-P1,,FALSE,1,2022-01-06T20:51:01Z,2021-12-31T04:13:16Z
5.164.31.150,5x164x31x150.static-business.tula.ertelecom.ru.,52207,JSC ER-Telecom Holding,RU,Tula,unbound 1.4.22,,FALSE,0.68,2022-03-14T08:38:37Z,2021-12-31T04:13:26Z
212.12.15.14,rev-14-15-12-212.tula.net.,8675,Rostelecom,RU,Aleksin,,,FALSE,0.71,2022-01-19T18:07:14Z,2021-12-31T04:14:33Z
89.107.198.229,,40993,MTS PJSC,RU,Tula,,,FALSE,0.32,2022-03-22T21:17:07Z,2021-12-31T04:14:53Z
94.28.37.50,,12772,JSC ER-Telecom Holding,RU,,,,FALSE,0.99,2022-01-06T20:51:01Z,2021-12-31T04:14:54Z
94.28.26.244,,12772,JSC ER-Telecom Holding,RU,Krasnodar,,,FALSE,0.99,2022-02-11T07:11:10Z,2021-12-31T04:16:46Z
212.12.6.54,rev-54-6-12-212.tula.net.,8675,Rostelecom,RU,Aleksin,,,FALSE,0.5,2022-01-10T13:17:43Z,2021-12-31T04:17:09Z
5.164.31.108,5x164x31x108.static-business.tula.ertelecom.ru.,52207,JSC ER-Telecom Holding,RU,Tula,,,FALSE,1,2022-01-10T13:17:44Z,2021-12-31T04:17:39Z
195.239.220.82,,3216,PVimpelCom,RU,Moscow,,,FALSE,0.64,2022-01-06T20:51:00Z,2021-12-31T04:17:52Z
94.28.26.138,,12772,JSC ER-Telecom Holding,RU,Korenovsk,,,FALSE,1,2022-01-05T07:47:31Z,2021-12-31T04:20:09Z
176.213.171.120,176x213x171x120.dynamic.tula.ertelecom.ru.,52207,JSC ER-Telecom Holding,RU,Tula,,,FALSE,0.99,2022-01-11T07:09:18Z,2021-12-31T04:21:10Z
212.12.15.55,rev-55-15-12-212.tula.net.,8675,Rostelecom,RU,Tula,,,FALSE,1,2022-01-06T10:35:53Z,2021-12-31T04:21:40Z
109.195.176.25,eqm.tula.ertelecom.ru.,52207,JSC ER-Telecom Holding,RU,Tula,,,FALSE,0.99,2022-02-05T07:09:33Z,2021-12-31T04:22:38Z
195.88.0.14,,24602,Radionet -T Ltd,RU,,,,FALSE,0.61,2022-01-11T13:09:35Z,2021-12-31T04:22:57Z
212.12.31.161,rev-161-31-12-212.tula.net.,8675,Rostelecom,RU,Tula,,,FALSE,1,2021-12-31T07:42:25Z,2021-12-31T04:24:04Z
5.164.23.140,5x164x23x140.static-business.tula.ertelecom.ru.,52207,JSC ER-Telecom Holding,RU,Tula,9.8.4-rpz2+rl005.12-P1,,FALSE,1,2021-12-31T07:42:26Z,2021-12-31T04:25:48Z
89.107.198.231,,40993,MTS PJSC,RU,Bolokhovo,,,FALSE,1,2021-12-31T07:42:26Z,2021-12-31T04:25:49Z
176.212.201.63,dynamicip-176-212-201-63.pppoe.tula.ertelecom.ru.,52207,JSC ER-Telecom Holding,RU,Tula,,,FALSE,1,2021-12-31T07:42:29Z,2021-12-31T04:26:30Z
217.170.117.122,ivc.uncnet.ru.,35401,AO Tele-Service Tula,RU,Tula,dnsmasq-2.27,,FALSE,1,2022-01-06T17:43:14Z,2021-12-31T04:27:56Z
94.28.88.115,,12772,JSC ER-Telecom Holding,RU,,,,FALSE,1,2022-01-06T17:43:16Z,2021-12-31T04:27:57Z
46.147.193.100,46x147x193x100.dynamic.tula.ertelecom.ru.,52207,JSC ER-Telecom Holding,RU,Tula,,,FALSE,1,2022-01-06T16:43:07Z,2021-12-31T04:28:21Z
94.28.84.28,,12772,JSC ER-Telecom Holding,RU,,,,FALSE,1,2021-12-31T04:28:51Z,2021-12-31T04:28:51Z
46.147.193.171,46x147x193x171.dynamic.tula.ertelecom.ru.,52207,JSC ER-Telecom Holding,RU,Tula,,,FALSE,1,2021-12-31T04:31:02Z,2021-12-31T04:31:02Z
212.12.18.120,rev-120-18-12-212.tula.net.,8675,Rostelecom,RU,Tula,9.11.22,,FALSE,1,2021-12-31T04:31:50Z,2021-12-31T04:31:50Z
87.244.40.230,,35401,AO Tele-Service Tula,RU,Tula,,,FALSE,1,2021-12-31T04:31:50Z,2021-12-31T04:31:50Z
128.73.209.144,128-73-209-144.broadband.corbina.ru.,8402,PVimpelCom,RU,Omsk,,,FALSE,1,2021-12-31T04:31:51Z,2021-12-31T04:31:51Z
87.244.16.190,,35401,AO Tele-Service Tula,RU,Tula,,,FALSE,1,2021-12-31T04:31:52Z,2021-12-31T04:31:52Z
85.21.144.240,igon85.static.corbina.ru.,8402,PVimpelCom,RU,,,,FALSE,1,2021-12-31T04:32:58Z,2021-12-31T04:32:58Z
46.147.194.249,46x147x194x249.static-business.tula.ertelecom.ru.,52207,JSC ER-Telecom Holding,RU,Tula,,,TRUE,1,2021-12-31T04:36:52Z,2021-12-31T04:36:52Z
46.147.193.189,46x147x193x189.dynamic.tula.ertelecom.ru.,52207,JSC ER-Telecom Holding,RU,Tula,,,FALSE,1,2021-12-31T04:37:20Z,2021-12-31T04:37:20Z
94.28.20.249,,12772,JSC ER-Telecom Holding,RU,Krasnodar,,,FALSE,1,2021-12-31T04:37:21Z,2021-12-31T04:37:21Z
212.12.14.54,rev-54-14-12-212.tula.net.,8675,Rostelecom,RU,Tula,,,FALSE,1,2021-12-31T04:37:59Z,2021-12-31T04:37:59Z
94.28.88.155,,12772,JSC ER-Telecom Holding,RU,,,,FALSE,1,2021-12-31T04:41:12Z,2021-12-31T04:41:12Z
109.195.179.131,109x195x179x131.static-customer.pppoe.ertelecom.ru.,52207,JSC ER-Telecom Holding,RU,Tula,,,FALSE,1,2021-12-31T04:41:40Z,2021-12-31T04:41:40Z
212.12.18.113,is.tula.ru.,8675,Rostelecom,RU,Tula,,,FALSE,1,2021-12-31T04:42:54Z,2021-12-31T04:42:54Z
87.244.4.42,,35401,AO Tele-Service Tula,RU,Tula,dnsmasq-2.40,,FALSE,1,2021-12-31T04:43:14Z,2021-12-31T04:43:14Z
212.12.27.29,rev-29-27-12-212.tula.net.,8675,Rostelecom,RU,Tula,,,FALSE,1,2021-12-31T04:44:10Z,2021-12-31T04:44:10Z
95.139.215.230,node-230-215-139-95.domolink.tula.net.,12389,Rostelecom,RU,Slavniy,,,FALSE,1,2021-12-31T04:46:47Z,2021-12-31T04:46:47Z
176.213.61.9,176x213x61x9.dynamic.tula.ertelecom.ru.,52207,JSC ER-Telecom Holding,RU,Tula,,,FALSE,1,2021-12-31T04:47:35Z,2021-12-31T04:47:35Z
212.12.30.149,rev-149-30-12-212.tula.net.,8675,Rostelecom,RU,Tula,,,FALSE,1,2021-12-31T04:48:31Z,2021-12-31T04:48:31Z
109.111.8.17,,40993,MTS PJSC,RU,Tula,,,FALSE,1,2021-12-31T04:48:32Z,2021-12-31T04:48:32Z
212.12.15.185,rev-185-15-12-212.tula.net.,8675,Rostelecom,RU,Tula,,,FALSE,1,2021-12-31T04:48:43Z,2021-12-31T04:48:43Z
85.21.144.107,0897540915.static.corbina.ru.,8402,PVimpelCom,RU,,,,FALSE,1,2021-12-31T04:49:03Z,2021-12-31T04:49:03Z
87.244.4.234,,35401,AO Tele-Service Tula,RU,Tula,,,FALSE,1,2021-12-31T04:49:13Z,2021-12-31T04:49:13Z
109.111.8.63,,40993,MTS PJSC,RU,Tula,,,TRUE,1,2021-12-31T04:50:00Z,2021-12-31T04:50:00Z
94.28.127.156,,12772,JSC ER-Telecom Holding,RU,,ZyWALL DNS,,FALSE,1,2021-12-31T04:50:38Z,2021-12-31T04:50:38Z
195.239.220.78,,3216,PVimpelCom,RU,Moscow,,,FALSE,1,2021-12-31T04:52:41Z,2021-12-31T04:52:41Z
212.12.20.116,rev-116-20-12-212.tula.net.,8675,Rostelecom,RU,Tula,,,FALSE,1,2021-12-31T04:52:52Z,2021-12-31T04:52:52Z
87.244.58.182,,35401,AO Tele-Service Tula,RU,Tula,go.away!,,FALSE,1,2021-12-31T04:53:59Z,2021-12-31T04:53:59Z
5.164.27.185,mebelmassiv.ru.,52207,JSC ER-Telecom Holding,RU,Tula,unbound 1.4.22,,FALSE,1,2021-12-31T04:54:36Z,2021-12-31T04:54:36Z
94.28.127.49,,12772,JSC ER-Telecom Holding,RU,,,,FALSE,1,2021-12-31T04:55:43Z,2021-12-31T04:55:43Z
95.31.233.20,95-31-233-20.broadband.corbina.ru.,8402,PVimpelCom,RU,Engel's,,,FALSE,1,2021-12-31T04:56:48Z,2021-12-31T04:56:48Z
212.12.20.25,rev-25-20-12-212.tula.net.,8675,Rostelecom,RU,Tula,,,FALSE,1,2021-12-31T05:06:49Z,2021-12-31T05:06:49Z
77.235.219.211,211.219.kaluga.ptl.ru.,12418,Quantum CJSC,RU,,,,FALSE,1,2021-12-31T05:09:17Z,2021-12-31T05:09:17Z
212.12.30.148,rev-148-30-12-212.tula.net.,8675,Rostelecom,RU,Tula,,,FALSE,1,2021-12-31T05:10:13Z,2021-12-31T05:10:13Z
212.12.17.133,rev-133-17-12-212.tula.net.,8675,Rostelecom,RU,Yasnogorsk,,,FALSE,1,2021-12-31T05:10:24Z,2021-12-31T05:10:24Z
94.28.120.97,,12772,JSC ER-Telecom Holding,RU,,,,FALSE,1,2021-12-31T05:11:29Z,2021-12-31T05:11:29Z
83.220.233.49,,16345,PVimpelCom,RU,Moscow,dnsmasq-2.47,,FALSE,1,2021-12-31T05:12:00Z,2021-12-31T05:12:00Z
212.12.14.49,rev-49-14-12-212.tula.net.,8675,Rostelecom,RU,Tula,,,FALSE,1,2021-12-31T05:13:07Z,2021-12-31T05:13:07Z
46.147.194.49,46x147x194x49.static-business.tula.ertelecom.ru.,52207,JSC ER-Telecom Holding,RU,Tula,,,FALSE,1,2021-12-31T05:15:54Z,2021-12-31T05:15:54Z
94.28.26.202,,12772,JSC ER-Telecom Holding,RU,Korenovsk,,,FALSE,1,2021-12-31T05:19:46Z,2021-12-31T05:19:46Z
213.189.206.162,,12389,Rostelecom,RU,,,,TRUE,1,2021-12-31T05:21:29Z,2021-12-31T05:21:29Z
212.12.31.122,rev-122-31-12-212.tula.net.,8675,Rostelecom,RU,Tula,,,FALSE,1,2021-12-31T05:23:29Z,2021-12-31T05:23:29Z
85.21.144.55,0855777266.static.corbina.ru.,8402,PVimpelCom,RU,,,,FALSE,1,2021-12-31T05:24:07Z,2021-12-31T05:24:07Z
195.162.8.154,,44622,Telecom Plus Ltd.,RU,Moscow,,,FALSE,0.57,2021-11-09T15:08:14Z,2014-12-29T12:30:54Z
95.154.182.231,,43714,Production co-operative Economic-legal laboratory,RU,Voskresensk,,,FALSE,0.91,2021-11-09T15:07:07Z,2014-12-29T13:44:18Z
91.122.77.189,ppp91-122-77-189.pppoe.avangarddsl.ru.,12389,Rostelecom,RU,St Petersburg,,,FALSE,0.1,2022-03-21T13:31:14Z,2014-12-29T15:40:09Z
91.217.62.219,ip91.217.62.219.ipblk.stnsk.ru.,41024,LLC Megacom-IT,RU,Novosibirsk,,,FALSE,0.81,2022-01-11T13:12:49Z,2014-12-29T18:49:18Z
195.91.137.253,h195-91-137-253.ln.rinet.ru.,8331,JSC ER-Telecom Holding,RU,Moscow,,,FALSE,0.5,2022-03-09T09:29:00Z,2014-12-29T19:49:33Z
37.235.70.59,new.mega.nn.ru.,39289,OOO MediaSeti,RU,Nizhniy Novgorod,,,FALSE,0.08,2021-10-05T10:10:53Z,2014-12-30T10:07:49Z
91.218.100.11,,59533,Lukjanova Lydia Andreevna PE,RU,Lys'va,,,FALSE,0.45,2022-03-21T20:31:08Z,2014-12-30T12:22:49Z
81.30.212.189,81.30.212.189.static.ufanet.ru.,24955,JSC Ufanet,RU,Ufa,,,FALSE,0.39,2021-10-06T14:02:27Z,2014-12-30T15:15:31Z
92.55.56.232,host92-55-56-232.etth.mark-itt.net.,3226,OOO NI,RU,Izhevsk,,,FALSE,1,2022-03-09T09:33:07Z,2014-12-30T17:53:46Z
46.173.34.32,46-173-34-32.gorcom.ru.,49120,Gorset Ltd.,RU,Tver,,,FALSE,0.27,2021-10-08T08:02:16Z,2015-01-06T07:04:47Z
194.135.230.86,,25513,PJSC Moscow city telephone network,RU,Moscow,,,FALSE,0.58,2022-03-09T08:11:53Z,2015-01-06T08:58:54Z
62.113.51.133,,25530,SFT Company LLC,RU,,,,FALSE,0.29,2022-03-21T20:35:43Z,2015-01-06T12:35:49Z
195.88.154.11,ns.agbryansk.ru.,49842,Commercial Manufacturing Enterprise Agrostroy Ltd.,RU,,9.7.4,,FALSE,0.81,2022-03-22T21:16:17Z,2015-01-06T19:12:03Z
84.54.226.50,mail.dumask.ru.,12683,Rostelecom,RU,,,,FALSE,0.87,2022-03-21T20:39:58Z,2015-01-09T08:54:44Z
80.66.158.118,static-80-66-158-118.ivnet.ru.,24699,Rostelecom,RU,Moscow,,,FALSE,0.2,2022-03-21T20:43:58Z,2015-01-10T22:39:44Z
195.34.237.111,,8570,Rostelecom,RU,Lipetsk,,,FALSE,0.48,2022-01-06T10:42:22Z,2015-01-11T10:13:04Z
109.195.102.86,109x195x102x86.static-business.ekat.ertelecom.ru.,51604,JSC ER-Telecom Holding,RU,Yekaterinburg,,,FALSE,0.95,2021-11-09T15:11:09Z,2015-01-12T19:28:24Z
62.122.101.59,,48940,Link Ltd.,RU,Dmitrov,,,FALSE,0.45,2022-01-05T07:59:51Z,2015-01-12T20:25:26Z
80.248.157.26,l3.80-248-157-26.lsi.ru.,12380,Rostelecom,RU,St Petersburg,,,FALSE,0.29,2022-03-22T21:22:28Z,2017-09-06T03:09:25Z
